Aplicacao_metodo_Newton; Calculo_Gradiente; Calculo_Hessiana; Resolucao_Sistema_Linear
0.193848; 0.012451; 0.055420; 0.094482
2.156982; 0.044189; 0.618408; 1.387451
7.569092; 0.073975; 1.898438; 5.302979
