Aplicacao_metodo_Newton; Calculo_Gradiente; Calculo_Hessiana; Resolucao_Sistema_Linear
0.154053; 0.007812; 0.062256; 0.062012
1.718262; 0.030762; 0.540283; 1.061523
4.621338; 0.044434; 1.400635; 2.998047
